"Reference","Value","Footprint","Datasheet","Availability","Check_prices","Description","LCSC Part","MANUFACTURER","MAXIMUM_PACKAGE_HEIGHT","MF","MP","PARTREV","Package","Price","STANDARD","SnapEDA_Link","Qty"
"ANT1, ANT2","~","RF_Antenna:Texas_SWRA117D_2.4GHz_Left","","","","","N/A","","","","","","","","","","2"
"BT1","Battery Pimoroni 1200mAh","easyeda2kicad:CONN-TH_S2B-PH-K-S-LF-SN","~","","","","C173752 ","","","","","","","","","","1"
"BT2, BT3","Battery Gens ace 200mAh 1S 45C 3.7V","easyeda2kicad:CONN-TH_530480210","~","","","","C505099","","","","","","","","","","2"
"C1, C2, C11, C13, C16, C18-C20, C25, C30, C33, C41, C46, C49, C57, C60, C63, C64","100n","Capacitor_SMD:C_0402_1005Metric_Pad0.74x0.62mm_HandSolder","~","","","","-- mixed values --","","","","","","","","","","18"
"C3, C12, C14, C23, C34, C38, C50, C54","1u","Capacitor_SMD:C_0402_1005Metric_Pad0.74x0.62mm_HandSolder","~","","","","-- mixed values --","","","","","","","","","","8"
"C4, C5","2.2u","Capacitor_SMD:C_0402_1005Metric_Pad0.74x0.62mm_HandSolder","~","","","","C12530","","","","","","","","","","2"
"C6, C7, C15, C17, C28, C29, C31, C44, C45, C47","4.7u","Capacitor_SMD:C_0402_1005Metric_Pad0.74x0.62mm_HandSolder","~","","","","-- mixed values --","","","","","","","","","","10"
"C8, C24, C26, C59, C61","10u","Capacitor_SMD:C_0402_1005Metric_Pad0.74x0.62mm_HandSolder","~","","","","-- mixed values --","","","","","","","","","","5"
"C9, C10","22u","Capacitor_SMD:C_0603_1608Metric_Pad1.08x0.95mm_HandSolder","~","","","","C59461","","","","","","","","","","2"
"C21, C22","18p","Capacitor_SMD:C_0402_1005Metric_Pad0.74x0.62mm_HandSolder","~","","","","C5137554","","","","","","","","","","2"
"C27, C32, C43, C48","8p","Capacitor_SMD:C_0402_1005Metric_Pad0.74x0.62mm_HandSolder","~","","","","C5448809","","","","","","","","","","4"
"C35, C51","1p","Capacitor_SMD:C_0402_1005Metric_Pad0.74x0.62mm_HandSolder","~","","","","C880647 ","","","","","","","","","","2"
"C36, C52","100p","Capacitor_SMD:C_0402_1005Metric_Pad0.74x0.62mm_HandSolder","~","","","","C5137573","","","","","","","","","","2"
"C37, C53","1.2p","Capacitor_SMD:C_0402_1005Metric_Pad0.74x0.62mm_HandSolder","~","","","","C880658 ","","","","","","","","","","2"
"C39, C55","NC","Capacitor_SMD:C_0402_1005Metric_Pad0.74x0.62mm_HandSolder","~","","","","N/A","","","","","","","","","","2"
"C40, C42, C56, C58","12p","Capacitor_SMD:C_0402_1005Metric_Pad0.74x0.62mm_HandSolder","~","","","","C696888 ","","","","","","","","","","4"
"D1","LED","LED_SMD:LED_0603_1608Metric_Pad1.05x0.95mm_HandSolder","~","","","","","","","","","","","","","","1"
"D2","BLUE RED","easyeda2kicad:SideStuckLED","~","","","","C389517","","","","","","","","","","1"
"D3","BLUE LED","easyeda2kicad:SideStuckLED","~","","","","C7371904 ","","","","","","","","","","1"
"D4, D5, D8, D10","BLUE LED","LED_SMD:LED_0603_1608Metric_Pad1.05x0.95mm_HandSolder","~","","","","-- mixed values --","","","","","","","","","","4"
"D6, D9","USBLC6-2SC6_C2687116","easyeda2kicad:SOT-23-6_L2.9-W1.6-P0.95-LS2.8-BL","","","","","C2687116","","","","","","","","","","2"
"D7, D11","RED LED","LED_SMD:LED_0603_1608Metric_Pad1.05x0.95mm_HandSolder","~","","","","C389517 ","","","","","","","","","","2"
"D12, D13","2758","easyeda2kicad:SOL320P540X170-4N","","In Stock","https://www.snapeda.com/parts/2758/Adafruit+Industries+LLC/view-part/?ref=eda","
Addressable Lighting Neopixel 10 LED Discrete Serial (Shift Register) Red, Green, Blue, Neutral White (RGBW) 5.00mm L x 5.00mm W
","","Adafruit Industries","1.7 mm","Adafruit Industries","2758","01","SMD-4 Adafruit Industries","None","IPC 7351B","https://www.snapeda.com/parts/2758/Adafruit+Industries+LLC/view-part/?ref=snap","2"
"J1, J3, J6","USB_C_Receptacle","easyeda2kicad:TYPE-C-SMD_C9900025773","https://www.usb.org/sites/default/files/documents/usb_type-c.zip","","","","-- mixed values --","","","","","","","","","","3"
"J2","Conn_01x10_Socket","easyeda2kicad:HDR-TH_10P-P1.27-V-M-R2-C5-S1.27-1","~","","","","C2935953","","","","","","","","","","1"
"J4, J7","Screw_Terminal_01x01","easyeda2kicad:CONN-SMD_custom1","~","","","","C2765059","","","","","","","","","","2"
"J5, J8","Screw_Terminal_01x02","easyeda2kicad:CONN-SMD_2059-302","~","","","","C2765060","","","","","","","","","","2"
"L1","4.7u","easyeda2kicad:IND-SMD_L4.4-W4.2","~","","","","C2836880","","","","","","","","","","1"
"L2, L4","4.7n","Inductor_SMD:L_0402_1005Metric_Pad0.77x0.64mm_HandSolder","~","","","","C13595","","","","","","","","","","2"
"L3, L5","2.2n","Inductor_SMD:L_0402_1005Metric_Pad0.77x0.64mm_HandSolder","~","","","","C395061 ","","","","","","","","","","2"
"P1, P2","USB_C_Plug","easyeda2kicad:USB-C-SMD_TYPE-C-24P-GTJB-040","https://www.usb.org/sites/default/files/documents/usb_type-c.zip","","","","C2763095","","","","","","","","","","2"
"R1, R4, R24, R25, R38, R39","5k1","Resistor_SMD:R_0402_1005Metric_Pad0.72x0.64mm_HandSolder","~","","","","C103086","","","","","","","","","","6"
"R2, R3","0R","Resistor_SMD:R_0805_2012Metric_Pad1.20x1.40mm_HandSolder","~","","","","","","","","","","","","","","2"
"R5, R6","1k","Resistor_SMD:R_0402_1005Metric_Pad0.72x0.64mm_HandSolder","~","","","","C60488 ","","","","","","","","","","2"
"R7, R11, R12","1.18k","Resistor_SMD:R_0402_1005Metric_Pad0.72x0.64mm_HandSolder","~","","","","C3016052","","","","","","","","","","3"
"R8","1.78k","Resistor_SMD:R_0402_1005Metric_Pad0.72x0.64mm_HandSolder","~","","","","C5121514","","","","","","","","","","1"
"R9, R21-R23","10k","Resistor_SMD:R_0402_1005Metric_Pad0.72x0.64mm_HandSolder","~","","","","-- mixed values --","","","","","","","","","","4"
"R10, R26, R37, R48, R49","2k","Resistor_SMD:R_0402_1005Metric_Pad0.72x0.64mm_HandSolder","~","","","","-- mixed values --","","","","","","","","","","5"
"R13","732","Resistor_SMD:R_0402_1005Metric_Pad0.72x0.64mm_HandSolder","~","","","","C137939","","","","","","","","","","1"
"R14, R34, R45","100k","Resistor_SMD:R_0402_1005Metric_Pad0.72x0.64mm_HandSolder","~","","","","-- mixed values --","","","","","","","","","","3"
"R15, R16, R29, R40","220","Resistor_SMD:R_0402_1005Metric_Pad0.72x0.64mm_HandSolder","~","","","","C112291","","","","","","","","","","4"
"R17-R19, R28, R51","100","Resistor_SMD:R_0402_1005Metric_Pad0.72x0.64mm_HandSolder","~","","","","-- mixed values --","","","","","","","","","","5"
"R20","12k","Resistor_SMD:R_0402_1005Metric_Pad0.72x0.64mm_HandSolder","~","","","","C137923","","","","","","","","","","1"
"R27, R50","4k99","Resistor_SMD:R_0402_1005Metric_Pad0.72x0.64mm_HandSolder","~","","","","C137965","","","","","","","","","","2"
"R30-R33, R41-R44","NF","Resistor_SMD:R_0201_0603Metric","~","","","","N/A","","","","","","","","","","8"
"R35, R46","33k","Resistor_SMD:R_0402_1005Metric_Pad0.72x0.64mm_HandSolder","~","","","","C138003","","","","","","","","","","2"
"R36, R47","470","Resistor_SMD:R_0402_1005Metric_Pad0.72x0.64mm_HandSolder","~","","","","C114949 ","","","","","","","","","","2"
"SW1, SW3","TK-6580B-1","easyeda2kicad:SW-TH_TK-6580B-1","","","","","C2689829","","","","","","","","","","2"
"SW2, SW4","SW_DIP_x01","easyeda2kicad:KEY-SMD_L3.0-W2.5-LS4.0","~","","","","C2905194","","","","","","","","","","2"
"TP1-TP15, TP17-TP19","TestPoint","TestPoint:TestPoint_Pad_D1.0mm","~","","","","-- mixed values --","","","","","","","","","","18"
"TP16, TP20, TP27","TestPoint","TestPoint:TestPoint_Pad_D2.0mm","~","","","","N/A","","","","","","","","","","3"
"TP21-TP26","TestPoint","TestPoint:TestPoint_THTPad_D1.0mm_Drill0.5mm","~","","","","","","","","","","","","","","6"
"U1","AMS1117-3.3","Package_TO_SOT_SMD:SOT-223-3_TabPin2","http://www.advanced-monolithic.com/pdf/ds1117.pdf","","","","N/A","","","","","","","","","","1"
"U2","BQ24073RGT","Package_DFN_QFN:VQFN-16-1EP_3x3mm_P0.5mm_EP1.6x1.6mm","http://www.ti.com/lit/ds/symlink/bq24073.pdf","","","","C15220 ","","","","","","","","","","1"
"U3","TPS61023DRLR","easyeda2kicad:SOT-563_L1.6-W1.2-P0.50-LS1.6-BR","","","","","C919459","","","","","","","","","","1"
"U4, U6","SIP32509DT-T1-GE3","Package_TO_SOT_SMD:SOT-23-6_Handsoldering","https://lcsc.com/product-detail/Others_Vishay-Intertech-SIP32509DT-T1-GE3_C335619.html","","","","C335619","","","","","","","","","","2"
"U5","USB2422T-I/MJ","Package_DFN_QFN:HVQFN-24-1EP_4x4mm_P0.5mm_EP2.5x2.5mm_ThermalVias","","","","","C622610","","","","","","","","","","1"
"U7, U11","MCP73831T-2ACI/OT","easyeda2kicad:SOT-23-5_L3.0-W1.7-P0.95-LS2.8-BL","https://lcsc.com/product-detail/PMIC-Battery-Management_Microchip-Tech-MCP73831T-2ACI-OT_C424093.html","","","","C424093","","","","","","","","","","2"
"U8, U12","XB6096I2SV","easyeda2kicad:WDFN-6_L2.0-W2.0-P0.65-BL-EP","","","","","C2998744","","","","","","","","","","2"
"U9, U10","NRF52833-QDAA-R7","easyeda2kicad:QFN-40_L5.0-W5.0-P0.40-TL-EP3.6","","","","","C3007767","","","","","","","","","","2"
"Y1","X322524MOB4SI","easyeda2kicad:CRYSTAL-SMD_4P-L3.2-W2.5-BL","~","","","","C70590 ","","","","","","","","","","1"
"Y2, Y4"," X161032768KLD2SI","easyeda2kicad:CRYSTAL-SMD_L1.6-W1.0","~","","","","C383846","","","","","","","","","","2"
"Y3, Y5","XL7EL89CKI-111YLC-32M ","easyeda2kicad:CRYSTAL-SMD_4P-L2.0-W1.6-BL","~","","","","C2965582","","","","","","","","","","2"
